student_id,study_hours,attendance,group_discussion,previous_test_score,final_exam_pass
S001,12.2,83,Yes,55,Pass
S002,6.8,93,No,57,Fail
S003,14.0,80,Yes,71,Pass
S004,14.8,87,Yes,56,Fail
S005,3.2,50,No,46,Fail
S006,5.8,75,No,44,Fail
S007,11.5,68,No,51,Fail
S008,9.7,63,Yes,62,Pass
S009,10.9,67,Yes,22,Fail
S010,7.6,73,Yes,30,Fail
S011,14.5,90,Yes,40,Pass
S012,14.1,63,No,20,Fail
S013,11.3,78,No,45,Fail
S014,15.5,74,No,71,Pass
S015,12.9,75,No,52,Fail
S016,7.6,89,No,57,Pass
S017,12.5,85,No,75,Fail
S018,7.2,93,Yes,74,Pass
S019,14.5,78,Yes,58,Pass
S020,10.8,70,No,73,Pass
S021,10.3,75,No,55,Fail
S022,8.3,80,Yes,40,Pass
S023,15.9,82,Yes,53,Pass
S024,10.4,65,No,29,Fail
S025,9.3,78,Yes,40,Fail
S026,9.6,80,Yes,48,Pass
S027,13.1,100,No,75,Pass
S028,12.5,100,No,88,Fail
S029,12.7,68,Yes,34,Fail
S030,12.7,75,No,62,Pass
S031,19.6,64,Yes,46,Pass
S032,9.4,70,No,58,Fail
S033,9.0,81,Yes,51,Fail
S034,7.7,91,No,27,Fail
S035,13.5,70,Yes,70,Pass
S036,15.5,72,Yes,50,Fail
S037,10.5,52,No,40,Fail
S038,7.6,75,Yes,34,Fail
S039,7.7,64,Yes,38,Fail
S040,13.6,73,Yes,63,Pass
S041,14.0,69,No,54,Fail
S042,13.2,78,No,63,Fail
S043,8.3,56,No,52,Fail
S044,11.9,61,Yes,72,Pass
S045,11.5,100,Yes,56,Pass
S046,11.9,63,Yes,30,Fail
S047,14.5,66,No,72,Pass
S048,11.9,100,No,57,Fail
S049,13.7,100,No,80,Pass
S050,11.3,64,No,58,Fail
S051,12.2,74,Yes,53,Fail
S052,13.5,83,No,64,Pass
S053,5.2,96,No,82,Pass
S054,9.7,66,Yes,82,Pass
S055,9.1,74,Yes,53,Fail
S056,8.4,86,Yes,56,Pass
S057,9.9,83,Yes,71,Pass
S058,17.0,76,Yes,49,Fail
S059,7.5,75,No,55,Fail
S060,14.9,63,No,56,Pass
S061,4.3,72,No,50,Fail
S062,9.7,74,Yes,40,Pass
S063,11.7,81,No,33,Pass
S064,13.3,72,No,25,Pass
S065,13.8,85,Yes,43,Fail
S066,14.2,91,Yes,55,Pass
S067,9.6,79,No,49,Fail
S068,9.2,82,Yes,83,Pass
S069,14.4,80,Yes,76,Pass
S070,10.2,78,No,40,Fail
S071,5.9,67,No,51,Fail
S072,6.5,80,No,44,Fail
S073,7.3,75,No,46,Pass
S074,13.0,100,No,66,Pass
S075,11.6,97,Yes,70,Pass
S076,13.8,84,Yes,55,Pass
S077,9.3,68,Yes,66,Pass
S078,11.6,65,Yes,35,Pass
S079,13.5,93,No,62,Pass
S080,9.8,81,Yes,93,Fail
S081,12.8,84,Yes,62,Pass
S082,8.4,56,No,68,Fail
S083,9.5,89,No,57,Pass
S084,9.5,83,Yes,63,Pass
S085,6.2,63,No,45,Fail
S086,12.9,73,No,53,Fail
S087,9.1,80,No,42,Fail
S088,11.0,79,No,62,Fail
S089,12.9,75,No,44,Fail
S090,12.8,77,No,67,Fail
S091,13.7,76,Yes,74,Fail
S092,10.6,80,No,61,Pass
S093,9.3,95,Yes,53,Pass
S094,10.7,47,No,54,Fail
S095,4.3,72,No,41,Fail
S096,5.2,78,No,62,Pass
S097,5.7,79,No,21,Fail
S098,7.0,72,Yes,44,Fail
S099,12.6,58,No,22,Fail
S100,7.4,80,Yes,29,Pass
S101,9.5,98,Yes,79,Pass
S102,16.2,62,Yes,71,Pass
S103,9.6,88,Yes,45,Fail
S104,14.0,75,Yes,35,Fail
S105,7.3,76,No,15,Fail
S106,10.2,65,Yes,43,Pass
S107,7.2,72,Yes,85,Pass
S108,9.6,93,Yes,64,Pass
S109,14.4,86,Yes,53,Fail
S110,4.1,96,Yes,58,Fail
S111,12.7,93,No,37,Pass
S112,12.0,84,Yes,53,Fail
S113,8.6,98,Yes,59,Pass
S114,5.2,81,No,47,Fail
S115,11.3,88,Yes,70,Pass
S116,8.9,74,Yes,57,Pass
S117,11.9,79,Yes,66,Fail
S118,11.1,70,No,43,Pass
S119,17.4,92,Yes,80,Pass
S120,10.0,63,No,74,Fail
S121,6.9,86,No,38,Fail
S122,11.7,76,Yes,42,Fail
S123,11.9,92,Yes,80,Fail
S124,16.4,89,No,61,Fail
S125,14.3,100,No,86,Pass
S126,12.4,87,Yes,52,Pass
S127,16.9,61,Yes,80,Pass
S128,6.2,75,Yes,50,Pass
S129,8.4,63,No,52,Pass
S130,7.3,70,No,72,Fail
S131,9.4,95,Yes,52,Fail
S132,5.5,83,Yes,36,Fail
S133,13.5,71,No,50,Fail
S134,10.1,65,Yes,57,Pass
S135,5.1,76,No,24,Fail
S136,6.9,62,No,56,Fail
S137,12.3,70,Yes,46,Pass
S138,14.4,83,Yes,78,Pass
S139,19.0,95,Yes,33,Pass
S140,22.7,90,No,60,Fail
S141,12.7,51,Yes,25,Fail
S142,7.0,80,Yes,38,Fail
S143,2.5,75,Yes,48,Pass
S144,12.1,83,Yes,55,Pass
S145,7.7,96,No,52,Pass
S146,9.3,53,Yes,44,Pass
S147,8.6,70,No,53,Pass
S148,10.4,85,No,41,Pass
S149,15.3,61,No,67,Fail
S150,11.6,96,Yes,70,Pass
S151,10.4,82,No,61,Fail
S152,6.9,87,No,61,Fail
S153,4.3,68,Yes,49,Fail
S154,9.1,87,No,85,Pass
S155,10.8,91,No,57,Pass
S156,18.1,84,Yes,60,Fail
S157,11.5,81,No,45,Fail
S158,14.9,83,Yes,45,Fail
S159,9.0,67,No,31,Fail
S160,6.3,74,No,35,Fail
S161,7.1,75,Yes,49,Fail
S162,8.1,81,No,57,Fail
S163,19.5,93,Yes,70,Pass
S164,7.7,64,No,36,Fail
S165,14.4,78,No,73,Fail
S166,7.4,94,Yes,66,Pass
S167,14.7,71,Yes,55,Fail
S168,12.5,69,Yes,45,Fail
S169,10.4,80,Yes,63,Pass
S170,10.8,88,Yes,60,Fail
S171,8.4,77,Yes,30,Fail
S172,12.8,95,Yes,60,Pass
S173,9.2,88,Yes,59,Pass
S174,6.1,86,No,38,Fail
S175,5.9,83,No,53,Fail
S176,11.7,100,No,40,Pass
S177,17.3,78,Yes,83,Pass
S178,11.6,54,No,68,Pass
S179,10.5,97,No,55,Pass
S180,12.1,73,Yes,61,Fail
S181,16.2,81,Yes,26,Pass
S182,11.9,94,No,43,Fail
S183,9.4,58,Yes,44,Pass
S184,15.4,65,Yes,41,Fail
S185,12.7,59,No,63,Fail
S186,17.1,71,Yes,91,Pass
S187,11.7,84,Yes,40,Fail
S188,6.1,82,No,38,Fail
S189,5.5,79,No,52,Fail
S190,17.6,64,Yes,84,Pass
S191,17.9,53,No,39,Pass
S192,10.3,78,No,58,Fail
S193,9.5,72,No,79,Fail
S194,16.8,86,Yes,39,Pass
S195,6.6,85,Yes,32,Fail
S196,7.4,78,Yes,44,Fail
S197,13.6,88,Yes,53,Fail
S198,9.4,80,Yes,66,Fail
S199,11.0,84,No,60,Fail
S200,10.3,69,No,25,Fail
